epoch,total_loss,seg_loss,depth_loss,w_seg,w_depth,sig_seg,sig_depth,val_miou,val_absrel,val_delta,combined_score
1,0.467410,0.627276,0.063763,1.1843,1.2120,0.7369,0.6885,0.794887,0.168600,0.733479,0.626287
2,0.074452,0.626275,0.053330,1.4717,1.7511,0.6440,0.4789,0.795841,0.162215,0.761388,0.633626
3,-0.251739,0.626964,0.050818,1.5783,2.5026,0.6279,0.3371,0.795370,0.161920,0.748124,0.633450
4,-0.554946,0.626456,0.048106,1.5945,3.5318,0.6258,0.2403,0.795361,0.151983,0.788483,0.643378
5,-0.826696,0.626156,0.046656,1.5975,4.9127,0.6260,0.1742,0.797366,0.152585,0.798628,0.644781
6,-1.062455,0.627012,0.045339,1.5951,6.7120,0.6269,0.1288,0.796421,0.145899,0.803748,0.650522
7,-1.260704,0.626684,0.044173,1.5962,8.9531,0.6277,0.0978,0.795343,0.146472,0.810139,0.648870
8,-1.414208,0.625828,0.043413,1.5975,11.6019,0.6267,0.0766,0.795485,0.140153,0.805818,0.655332
9,-1.516690,0.627100,0.042990,1.5942,14.5046,0.6249,0.0624,0.794742,0.139407,0.794436,0.655335
10,-1.597269,0.628217,0.041631,1.5931,17.4735,0.6290,0.0529,0.794654,0.134792,0.821835,0.659861
11,-1.640069,0.627297,0.041137,1.5936,20.1602,0.6269,0.0470,0.794571,0.140547,0.812733,0.654024
12,-1.666938,0.627675,0.040483,1.5937,22.2652,0.6295,0.0434,0.793268,0.151777,0.775793,0.641491
13,-1.687571,0.627712,0.039809,1.5924,23.6931,0.6271,0.0412,0.792388,0.142148,0.805516,0.650239
14,-1.690887,0.628037,0.039714,1.5926,24.5887,0.6282,0.0402,0.793530,0.133855,0.821626,0.659675
15,-1.721518,0.627706,0.038536,1.5931,25.2420,0.6280,0.0389,0.793835,0.133902,0.835837,0.659933
16,-1.703239,0.628576,0.039203,1.5908,25.6407,0.6293,0.0392,0.793061,0.129834,0.833518,0.663227
17,-1.729267,0.628070,0.038223,1.5928,25.8463,0.6295,0.0385,0.794008,0.139085,0.816989,0.654922
18,-1.725819,0.628337,0.038343,1.5908,26.0764,0.6270,0.0384,0.793856,0.126148,0.849155,0.667708
19,-1.747099,0.628531,0.037520,1.5913,26.3793,0.6287,0.0379,0.793172,0.139423,0.805296,0.653749
20,-1.750262,0.627860,0.037444,1.5928,26.6294,0.6302,0.0376,0.793455,0.126211,0.845646,0.667244
21,-1.754472,0.627968,0.037282,1.5919,26.6575,0.6274,0.0373,0.794151,0.129181,0.832047,0.664970
22,-1.752742,0.628776,0.037298,1.5907,26.7785,0.6281,0.0372,0.793812,0.126841,0.835171,0.666971
23,-1.776987,0.628334,0.036427,1.5915,27.2013,0.6272,0.0365,0.793751,0.125927,0.837626,0.667823
24,-1.782341,0.628340,0.036235,1.5917,27.5819,0.6282,0.0366,0.795011,0.127871,0.844576,0.667141
25,-1.788225,0.629003,0.035984,1.5900,27.6029,0.6297,0.0361,0.794580,0.127517,0.845561,0.667062
26,-1.796555,0.628799,0.035697,1.5902,27.8721,0.6312,0.0359,0.794835,0.128481,0.827708,0.666354
27,-1.807224,0.627496,0.035391,1.5933,28.0924,0.6265,0.0355,0.795470,0.130099,0.822580,0.665371
28,-1.810535,0.628771,0.035204,1.5906,28.2609,0.6295,0.0352,0.794784,0.126566,0.850185,0.668219
29,-1.800740,0.628015,0.035593,1.5922,28.3117,0.6268,0.0355,0.794905,0.123575,0.846352,0.671330
30,-1.823676,0.628568,0.034752,1.5913,28.5518,0.6292,0.0349,0.794946,0.124210,0.838738,0.670736
31,-1.823382,0.628284,0.034782,1.5911,28.6155,0.6263,0.0348,0.794619,0.124569,0.844355,0.670049
32,-1.833441,0.627978,0.034450,1.5924,28.8803,0.6264,0.0346,0.795120,0.124147,0.843662,0.670973
33,-1.830409,0.628094,0.034549,1.5925,28.9768,0.6287,0.0346,0.794517,0.120841,0.856424,0.673676
34,-1.823690,0.628353,0.034766,1.5916,28.8719,0.6297,0.0347,0.794956,0.127457,0.861597,0.667499
35,-1.840323,0.627640,0.034231,1.5928,28.9607,0.6270,0.0343,0.794427,0.121914,0.851006,0.672513
36,-1.847945,0.628415,0.033930,1.5913,29.3473,0.6276,0.0341,0.794164,0.127888,0.855173,0.666276
37,-1.849693,0.627629,0.033914,1.5931,29.4377,0.6256,0.0340,0.794926,0.121195,0.860189,0.673730
38,-1.862152,0.627731,0.033487,1.5934,29.6960,0.6284,0.0338,0.794229,0.120545,0.855819,0.673684
39,-1.860564,0.628038,0.033525,1.5924,29.7970,0.6279,0.0337,0.794541,0.125725,0.823919,0.668817
40,-1.866180,0.627444,0.033369,1.5936,29.7814,0.6278,0.0334,0.795087,0.122261,0.847904,0.672825
41,-1.871855,0.628370,0.033131,1.5922,30.0284,0.6299,0.0332,0.793968,0.117252,0.856160,0.676717
42,-1.868845,0.627568,0.033274,1.5928,30.1213,0.6279,0.0332,0.794810,0.120905,0.845848,0.673905
43,-1.895239,0.628135,0.032374,1.5924,30.4378,0.6287,0.0326,0.795783,0.118455,0.859313,0.677328
44,-1.884104,0.627364,0.032781,1.5940,30.5974,0.6286,0.0327,0.794170,0.123330,0.842298,0.670839
45,-1.880201,0.627859,0.032883,1.5922,30.5267,0.6267,0.0329,0.794647,0.121192,0.856681,0.673456
46,-1.894617,0.627269,0.032442,1.5942,30.5766,0.6266,0.0326,0.795249,0.119837,0.852409,0.675413
47,-1.902197,0.627741,0.032173,1.5932,30.8081,0.6275,0.0322,0.795169,0.119392,0.855912,0.675777
48,-1.898947,0.627026,0.032316,1.5945,30.9326,0.6253,0.0323,0.794186,0.123389,0.839175,0.670797
49,-1.906567,0.627347,0.032054,1.5949,31.1551,0.6283,0.0322,0.794026,0.117377,0.857821,0.676649
50,-1.897541,0.628166,0.032302,1.5919,31.0780,0.6280,0.0323,0.795233,0.120189,0.846787,0.675044
51,-1.906173,0.627499,0.032058,1.5933,31.0122,0.6278,0.0321,0.795162,0.121424,0.859723,0.673738
52,-1.916663,0.627685,0.031714,1.5933,31.3172,0.6268,0.0318,0.795335,0.118284,0.858032,0.677051
53,-1.914944,0.627005,0.031804,1.5944,31.4580,0.6267,0.0319,0.795079,0.120257,0.853527,0.674822
54,-1.923224,0.627860,0.031498,1.5933,31.5347,0.6277,0.0316,0.795403,0.117766,0.863322,0.677637
55,-1.913508,0.627285,0.031835,1.5941,31.4533,0.6275,0.0317,0.794816,0.117513,0.860367,0.677304
56,-1.922686,0.627839,0.031516,1.5926,31.6062,0.6272,0.0316,0.795398,0.118220,0.852795,0.677178
57,-1.920073,0.627581,0.031612,1.5939,31.6176,0.6286,0.0316,0.795351,0.119202,0.851489,0.676149
58,-1.930553,0.627133,0.031304,1.5946,31.7695,0.6281,0.0314,0.795220,0.119413,0.849646,0.675807
59,-1.944265,0.628035,0.030831,1.5920,31.9853,0.6282,0.0311,0.796240,0.117803,0.859764,0.678437
60,-1.930760,0.627507,0.031280,1.5936,32.1384,0.6268,0.0312,0.795947,0.126091,0.855180,0.669856
61,-1.936937,0.627321,0.031096,1.5939,31.9946,0.6278,0.0311,0.795323,0.119218,0.854539,0.676105
62,-1.942635,0.627576,0.030907,1.5936,32.1994,0.6277,0.0310,0.795316,0.116524,0.858364,0.678792
63,-1.944734,0.627341,0.030854,1.5942,32.3405,0.6279,0.0310,0.795511,0.115708,0.860011,0.679804
64,-1.951453,0.626387,0.030694,1.5961,32.2827,0.6269,0.0308,0.796018,0.116005,0.865439,0.680014
65,-1.933811,0.627881,0.031165,1.5929,32.3464,0.6273,0.0309,0.795863,0.115933,0.862719,0.679930
66,-1.960823,0.627473,0.030352,1.5943,32.4600,0.6288,0.0307,0.795992,0.114738,0.868104,0.681254
67,-1.955468,0.627195,0.030532,1.5936,32.5555,0.6278,0.0306,0.795959,0.116755,0.859795,0.679203
68,-1.948174,0.626974,0.030766,1.5952,32.6642,0.6278,0.0307,0.795638,0.115949,0.865280,0.679689
69,-1.958975,0.627106,0.030429,1.5942,32.6301,0.6272,0.0306,0.795038,0.116178,0.855976,0.678860
70,-1.972629,0.626610,0.030037,1.5957,32.8254,0.6270,0.0304,0.795426,0.117435,0.861929,0.677991
71,-1.957401,0.627462,0.030460,1.5943,32.8582,0.6276,0.0304,0.796313,0.117661,0.854703,0.678651
72,-1.952095,0.627190,0.030635,1.5942,32.8698,0.6269,0.0305,0.795995,0.116910,0.859896,0.679084
73,-1.966166,0.626594,0.030235,1.5955,32.8706,0.6266,0.0304,0.795777,0.117743,0.859731,0.678035
74,-1.967875,0.627159,0.030156,1.5949,32.9271,0.6271,0.0303,0.795747,0.117121,0.862838,0.678626
75,-1.966493,0.627513,0.030182,1.5942,32.9847,0.6275,0.0303,0.795542,0.116121,0.861594,0.679421
76,-1.964954,0.627275,0.030240,1.5939,33.0359,0.6275,0.0303,0.795445,0.115743,0.859358,0.679702
77,-1.966661,0.627099,0.030197,1.5938,33.0014,0.6270,0.0303,0.795896,0.117078,0.857209,0.678817
78,-1.963729,0.626916,0.030294,1.5953,33.0254,0.6270,0.0303,0.795663,0.114186,0.868234,0.681476
79,-1.964427,0.626749,0.030281,1.5951,33.0218,0.6268,0.0303,0.795664,0.117495,0.855982,0.678169
80,-1.967379,0.627165,0.030172,1.5949,33.0186,0.6270,0.0303,0.795890,0.115897,0.860819,0.679994
